
{
    "annotations": [
        {
            "result": [
                {
  
                    "image_rotation": 0,
                    "value": {
                        "x": 58.85717,
                        "y": 8.0,
                        "width": 9.14286,
                        "height": 19.0476,
                        "rotation": 0,
                        "rectanglelabels": [
                            "object"
                        ]
                    } 
                },
                {
  
                    "image_rotation": 0,
                    "value": {
                        "x": 58.571415,
                        "y": 30.2857,
                        "width": 9.42857,
                        "height": 18.0952,
                        "rotation": 0,
                        "rectanglelabels": [
                            "object"
                        ]
                    } 
                },
                {
  
                    "image_rotation": 0,
                    "value": {
                        "x": 58.571415,
                        "y": 8.19045,
                        "width": 9.42857,
                        "height": 40.1905,
                        "rotation": 0,
                        "rectanglelabels": [
                            "object"
                        ]
                    } 
                },
                {
  
                    "image_rotation": 0,
                    "value": {
                        "x": 9.571415,
                        "y": 37.52385,
                        "width": 9.42857,
                        "height": 12.7619,
                        "rotation": 0,
                        "rectanglelabels": [
                            "object"
                        ]
                    } 
                },
                {
  
                    "image_rotation": 0,
                    "value": {
                        "x": 1.00005,
                        "y": 60.7619,
                        "width": 19.2857,
                        "height": 37.9048,
                        "rotation": 0,
                        "rectanglelabels": [
                            "object"
                        ]
                    } 
                },
                {
  
                    "image_rotation": 0,
                    "value": {
                        "x": -5e-6,
                        "y": 37.71425,
                        "width": 8.71429,
                        "height": 12.7619,
                        "rotation": 0,
                        "rectanglelabels": [
                            "object"
                        ]
                    } 
                },
                {
  
                    "image_rotation": 0,
                    "value": {
                        "x": 5e-6,
                        "y": 9.5238,
                        "width": 7.28571,
                        "height": 14.0952,
                        "rotation": 0,
                        "rectanglelabels": [
                            "object"
                        ]
                    } 
                },
                {
  
                    "image_rotation": 0,
                    "value": {
                        "x": 5e-6,
                        "y": 23.99995,
                        "width": 7.42857,
                        "height": 13.1429,
                        "rotation": 0,
                        "rectanglelabels": [
                            "object"
                        ]
                    } 
                },
                {
  
                    "image_rotation": 0,
                    "value": {
                        "x": 68.4286,
                        "y": 12.0,
                        "width": 18.5714,
                        "height": 36.381,
                        "rotation": 0,
                        "rectanglelabels": [
                            "object"
                        ]
                    } 
                },
                {
  
                    "image_rotation": 0,
                    "value": {
                        "x": 80.85715,
                        "y": 59.42855,
                        "width": 19.1429,
                        "height": 37.1429,
                        "rotation": 0,
                        "rectanglelabels": [
                            "object"
                        ]
                    } 
                },
                {
  
                    "image_rotation": 0,
                    "value": {
                        "x": 8.285755,
                        "y": 23.4286,
                        "width": 9.71429,
                        "height": 13.5238,
                        "rotation": 0,
                        "rectanglelabels": [
                            "object"
                        ]
                    } 
                },
                {
  
                    "image_rotation": 0,
                    "value": {
                        "x": 87.5714,
                        "y": 11.42855,
                        "width": 12.4286,
                        "height": 36.1905,
                        "rotation": 0,
                        "rectanglelabels": [
                            "object"
                        ]
                    } 
                },
                {
  
                    "image_rotation": 0,
                    "value": {
                        "x": 20.57145,
                        "y": 60.1905,
                        "width": 20.1429,
                        "height": 37.9048,
                        "rotation": 0,
                        "rectanglelabels": [
                            "object"
                        ]
                    } 
                },
                {
  
                    "image_rotation": 0,
                    "value": {
                        "x": 18.0,
                        "y": 8.95235,
                        "width": 10.0,
                        "height": 21.1429,
                        "rotation": 0,
                        "rectanglelabels": [
                            "object"
                        ]
                    } 
                },
                {
  
                    "image_rotation": 0,
                    "value": {
                        "x": 19.7143,
                        "y": 30.2857,
                        "width": 9.0,
                        "height": 19.619,
                        "rotation": 0,
                        "rectanglelabels": [
                            "object"
                        ]
                    } 
                },
                {
  
                    "image_rotation": 0,
                    "value": {
                        "x": 60.42855,
                        "y": 57.52385,
                        "width": 20.1429,
                        "height": 40.7619,
                        "rotation": 0,
                        "rectanglelabels": [
                            "object"
                        ]
                    } 
                },
                {
  
                    "image_rotation": 0,
                    "value": {
                        "x": 39.14287,
                        "y": 30.09525,
                        "width": 9.14286,
                        "height": 18.8571,
                        "rotation": 0,
                        "rectanglelabels": [
                            "object"
                        ]
                    } 
                },
                {
  
                    "image_rotation": 0,
                    "value": {
                        "x": 29.285745,
                        "y": 30.28575,
                        "width": 9.28571,
                        "height": 19.2381,
                        "rotation": 0,
                        "rectanglelabels": [
                            "object"
                        ]
                    } 
                },
                {
  
                    "image_rotation": 0,
                    "value": {
                        "x": 40.85715,
                        "y": 60.95235,
                        "width": 19.2857,
                        "height": 37.1429,
                        "rotation": 0,
                        "rectanglelabels": [
                            "object"
                        ]
                    } 
                },
                {
  
                    "image_rotation": 0,
                    "value": {
                        "x": 48.857145,
                        "y": 29.90475,
                        "width": 9.28571,
                        "height": 18.8571,
                        "rotation": 0,
                        "rectanglelabels": [
                            "object"
                        ]
                    } 
                },
                {
  
                    "image_rotation": 0,
                    "value": {
                        "x": 48.571455,
                        "y": 8.1905,
                        "width": 9.71429,
                        "height": 20.9524,
                        "rotation": 0,
                        "rectanglelabels": [
                            "object"
                        ]
                    } 
                },
                {
  
                    "image_rotation": 0,
                    "value": {
                        "x": 28.285755,
                        "y": 8.76185,
                        "width": 9.71429,
                        "height": 21.1429,
                        "rotation": 0,
                        "rectanglelabels": [
                            "object"
                        ]
                    } 
                },
                {
  
                    "image_rotation": 0,
                    "value": {
                        "x": 38.428555,
                        "y": 8.38095,
                        "width": 9.71429,
                        "height": 21.3333,
                        "rotation": 0,
                        "rectanglelabels": [
                            "object"
                        ]
                    } 
                }
            ]
        }
    ],
    "data": {
        "image": "\/data\/upload\/image1.jpg"
    }
    
}
